id,first_name,last_name,email,gender,ip_address
1,Yuma,Arpur,yarpur0@blog.com,Male,239.153.85.206
2,Portia,Prendergrass,pprendergrass1@t.co,Agender,218.224.65.213
3,Lotty,Wyard,lwyard2@cornell.edu,Non-binary,177.81.185.213
4,Annabell,Pirdy,apirdy3@ftc.gov,Female,73.183.182.127
5,Amye,Jeaneau,ajeaneau4@indiegogo.com,Genderfluid,210.93.191.234
6,Winslow,Michin,wmichin5@biblegateway.com,Agender,47.93.249.202
7,Abbi,MacQuarrie,amacquarrie6@cbslocal.com,Genderfluid,51.191.245.92
8,Henry,Beavers,hbeavers7@msu.edu,Genderfluid,54.227.133.30
9,Boony,Twiddell,btwiddell8@princeton.edu,Agender,83.80.1.65
10,Kathryn,Jurewicz,kjurewicz9@theguardian.com,Male,169.133.18.104
11,Tess,Hanning,thanninga@ox.ac.uk,Female,31.12.152.202
12,Christoforo,Barlas,cbarlasb@techcrunch.com,Genderfluid,23.132.188.97
13,Huberto,Goodsell,hgoodsellc@kickstarter.com,Genderfluid,32.114.49.51
14,Garreth,Lutton,gluttond@ustream.tv,Polygender,214.10.106.224
15,Sula,McNeice,smcneicee@yahoo.com,Polygender,254.122.18.218
16,Joann,Jervois,jjervoisf@scientificamerican.com,Male,251.111.153.212
17,Cissy,Dossett,cdossettg@hc360.com,Polygender,242.187.244.193
18,Uta,Berriball,uberriballh@nydailynews.com,Polygender,91.176.63.64
19,Miguelita,Samples,msamplesi@uiuc.edu,Female,96.32.247.179
20,Dana,Cranstone,dcranstonej@opensource.org,Genderqueer,89.13.101.19
21,Jacinthe,Tollerfield,jtollerfieldk@tiny.cc,Agender,224.77.155.33
22,Demetra,Bortoluzzi,dbortoluzzil@google.nl,Genderqueer,251.237.187.129
23,Jonis,Mazdon,jmazdonm@soup.io,Polygender,183.199.143.53
24,Modesta,Hedylstone,mhedylstonen@sina.com.cn,Bigender,31.15.91.105
25,Claus,Dooman,cdoomano@cnn.com,Male,215.39.204.102
26,Cacilie,Burbage,cburbagep@webmd.com,Female,95.170.249.140
27,Jobey,Moller,jmollerq@springer.com,Male,195.32.98.101
28,Rosanna,Oxberry,roxberryr@engadget.com,Genderqueer,3.27.236.123
29,Jillene,Downie,jdownies@archive.org,Polygender,136.36.124.241
30,Moyra,Cordelette,mcordelettet@upenn.edu,Male,115.231.138.154
31,Maggie,Holbie,mholbieu@icq.com,Polygender,234.157.100.215
32,Fay,Edler,fedlerv@bandcamp.com,Female,196.199.98.129
33,Quent,Stanesby,qstanesbyw@yale.edu,Genderqueer,250.112.145.192
34,Ferguson,Wilcox,fwilcoxx@springer.com,Female,79.129.187.12
35,Elspeth,Loomis,eloomisy@upenn.edu,Male,37.226.245.165
36,Jen,Ranner,jrannerz@dailymotion.com,Genderfluid,39.236.165.30
37,Mehetabel,Harroway,mharroway10@sun.com,Agender,156.107.196.161
38,Ameline,Isaksson,aisaksson11@theglobeandmail.com,Agender,166.127.120.84
39,Grant,Filler,gfiller12@tuttocitta.it,Bigender,50.4.102.34
40,Donall,Marple,dmarple13@sitemeter.com,Agender,13.20.133.141
41,Katha,Venny,kvenny14@oakley.com,Agender,106.22.134.203
42,Melinda,Pallent,mpallent15@goo.ne.jp,Male,35.27.121.100
43,Leshia,Haggett,lhaggett16@prnewswire.com,Polygender,245.79.138.12
44,Catlin,Gawen,cgawen17@comcast.net,Polygender,83.181.111.6
45,Antony,Greatbank,agreatbank18@harvard.edu,Agender,89.210.242.43
46,Thaddus,Keward,tkeward19@wikimedia.org,Genderfluid,121.240.8.223
47,Erminia,Blint,eblint1a@example.com,Agender,8.2.245.145
48,Caz,Skrine,cskrine1b@nifty.com,Polygender,163.207.13.74
49,Burk,Cheesman,bcheesman1c@studiopress.com,Non-binary,30.167.228.199
50,Forbes,Waylen,fwaylen1d@indiatimes.com,Genderfluid,96.51.158.21
51,Donetta,Valentinetti,dvalentinetti1e@answers.com,Polygender,78.233.179.0
52,Madlen,Morfett,mmorfett1f@theguardian.com,Female,59.68.101.43
53,Adela,Deviney,adeviney1g@cam.ac.uk,Polygender,225.60.101.151
54,Dian,Beagin,dbeagin1h@1688.com,Female,158.12.183.238
55,Horatio,Mabbot,hmabbot1i@time.com,Non-binary,221.183.166.140
56,Nickolas,Priver,npriver1j@mtv.com,Male,44.215.243.80
57,Alexis,McCobb,amccobb1k@europa.eu,Polygender,95.16.70.22
58,Mariejeanne,Eynald,meynald1l@domainmarket.com,Polygender,30.187.186.187
59,Toinette,John,tjohn1m@google.ru,Bigender,82.239.20.122
60,Dorelle,Crohan,dcrohan1n@bbc.co.uk,Genderqueer,116.24.137.210
61,Giacopo,Menis,gmenis1o@cafepress.com,Male,87.3.156.217
62,Roanna,Alkins,ralkins1p@wikimedia.org,Non-binary,219.43.12.152
63,Chrissy,Staneland,cstaneland1q@hhs.gov,Non-binary,232.99.166.58
64,Vivien,Tothe,vtothe1r@jiathis.com,Genderqueer,233.239.187.207
65,Harley,Juan,hjuan1s@earthlink.net,Genderqueer,11.131.99.90
66,Shurwood,Venard,svenard1t@google.com,Genderqueer,87.211.238.245
67,Tressa,Rand,trand1u@t.co,Genderqueer,52.99.126.172
68,Kevan,Flaonier,kflaonier1v@shinystat.com,Genderfluid,225.213.218.11
69,Benyamin,Feragh,bferagh1w@google.pl,Genderfluid,13.27.91.82
70,Jesselyn,Fort,jfort1x@usa.gov,Polygender,110.62.185.44
71,Pedro,Nears,pnears1y@epa.gov,Polygender,167.51.112.43
72,Harlene,Russon,hrusson1z@mediafire.com,Non-binary,156.116.18.255
73,Courtenay,Korda,ckorda20@discovery.com,Polygender,230.21.39.201
74,Dennison,Antonacci,dantonacci21@accuweather.com,Non-binary,194.173.72.12
75,Sterling,Sutherland,ssutherland22@meetup.com,Non-binary,177.208.27.71
76,Astrid,Barkworth,abarkworth23@paginegialle.it,Bigender,75.152.32.208
77,Elly,Casper,ecasper24@intel.com,Bigender,64.89.168.88
78,Randee,Pankethman,rpankethman25@cnet.com,Genderfluid,33.79.177.113
79,Car,Wardhough,cwardhough26@weibo.com,Genderqueer,196.202.246.241
80,Katinka,Garnson,kgarnson27@senate.gov,Non-binary,146.223.211.96
81,Marys,Lawranson,mlawranson28@cargocollective.com,Genderqueer,166.38.106.32
82,Tanny,Woolford,twoolford29@com.com,Genderqueer,88.78.129.218
83,Faustina,Seefus,fseefus2a@meetup.com,Genderfluid,137.104.240.59
84,Nichols,Emmott,nemmott2b@storify.com,Polygender,238.89.38.131
85,Lauryn,Levane,llevane2c@live.com,Genderfluid,102.224.84.53
86,Helene,Denge,hdenge2d@stumbleupon.com,Male,0.3.63.157
87,Martino,Huikerby,mhuikerby2e@github.io,Genderfluid,168.162.40.71
88,Marie,Gilfoy,mgilfoy2f@nsw.gov.au,Agender,105.214.127.229
89,Willis,Klassmann,wklassmann2g@jimdo.com,Non-binary,2.153.106.110
90,Phylys,Higginbottam,phigginbottam2h@google.ca,Genderqueer,182.252.137.124
91,Maisey,Rizzillo,mrizzillo2i@narod.ru,Genderqueer,137.28.169.61
92,Lorant,Frank,lfrank2j@goo.gl,Bigender,71.153.46.50
93,Skyler,Whitwood,swhitwood2k@ifeng.com,Bigender,246.135.178.147
94,Sinclare,Gallymore,sgallymore2l@harvard.edu,Genderqueer,44.234.123.49
95,Dalila,Rojas,drojas2m@mozilla.com,Polygender,7.163.119.130
96,Bayard,Cicculi,bcicculi2n@stanford.edu,Polygender,77.85.160.211
97,Laney,Story,lstory2o@themeforest.net,Genderqueer,26.175.225.210
98,Nathaniel,O'Mahoney,nomahoney2p@google.nl,Polygender,13.5.187.127
99,Nathanael,Bolden,nbolden2q@seattletimes.com,Genderqueer,188.120.81.198
100,Asia,Tomczynski,atomczynski2r@soundcloud.com,Genderfluid,202.54.172.94
101,Torry,Ezzle,tezzle2s@typepad.com,Female,46.0.169.68
102,Marie-jeanne,Noton,mnoton2t@telegraph.co.uk,Agender,73.202.188.7
103,Andy,Siney,asiney2u@walmart.com,Female,56.222.116.71
104,Beryle,Hazeldene,bhazeldene2v@parallels.com,Female,164.85.45.246
105,Susann,Esler,sesler2w@bandcamp.com,Genderqueer,243.50.188.29
106,Domenico,Brozek,dbrozek2x@cpanel.net,Genderfluid,53.131.224.218
107,Melisse,Bourtoumieux,mbourtoumieux2y@oracle.com,Genderfluid,95.5.193.187
108,Griffie,Shirley,gshirley2z@soup.io,Agender,89.161.169.123
109,Albina,MacCleod,amaccleod30@wp.com,Genderfluid,87.226.9.9
110,Hieronymus,Wedlock,hwedlock31@prnewswire.com,Female,154.178.82.255
111,Reynolds,Sneesby,rsneesby32@pinterest.com,Genderfluid,186.161.69.182
112,Sherwin,Briiginshaw,sbriiginshaw33@liveinternet.ru,Female,125.144.61.225
113,Danika,Yarnley,dyarnley34@yolasite.com,Genderqueer,102.69.103.31
114,Elana,Duchart,educhart35@blogs.com,Genderqueer,163.13.96.168
115,Germana,Holborn,gholborn36@myspace.com,Male,240.127.205.181
116,Nelie,Gorries,ngorries37@privacy.gov.au,Non-binary,222.207.33.42
117,Woodman,Mabone,wmabone38@ucoz.com,Agender,183.47.101.204
118,Freddi,Pierro,fpierro39@ifeng.com,Genderfluid,114.235.73.206
119,Freddy,Cork,fcork3a@sphinn.com,Agender,230.13.161.20
120,Isabel,Abade,iabade3b@engadget.com,Genderfluid,229.24.92.127
121,Jock,Vick,jvick3c@vinaora.com,Polygender,253.186.95.173
122,Malynda,Stolze,mstolze3d@addthis.com,Genderfluid,131.237.245.165
123,Joby,Turbard,jturbard3e@nyu.edu,Bigender,3.149.21.42
124,Perren,Biffen,pbiffen3f@techcrunch.com,Male,184.21.223.26
125,Illa,Brockest,ibrockest3g@cnet.com,Non-binary,232.59.88.195
126,Jacquelynn,Donnachie,jdonnachie3h@reddit.com,Non-binary,158.60.29.127
127,Griffie,Cosyns,gcosyns3i@cocolog-nifty.com,Genderqueer,111.40.155.255
128,Joann,Hewell,jhewell3j@dropbox.com,Bigender,171.51.200.230
129,Ahmed,Hurtic,ahurtic3k@istockphoto.com,Non-binary,14.94.119.69
130,Juliana,Phlipon,jphlipon3l@cpanel.net,Genderfluid,161.230.166.214
131,Kippie,Bunyan,kbunyan3m@deviantart.com,Bigender,99.22.140.184
132,Emera,Rappport,erappport3n@discuz.net,Female,117.101.247.194
133,Clemens,Trever,ctrever3o@mozilla.org,Female,238.50.71.118
134,Guendolen,Morat,gmorat3p@walmart.com,Non-binary,29.73.199.217
135,Annis,Vanetti,avanetti3q@wordpress.org,Polygender,228.167.153.87
136,Henry,Bortolomei,hbortolomei3r@lulu.com,Genderfluid,152.216.141.56
137,Palm,Monteith,pmonteith3s@taobao.com,Female,91.169.243.27
138,Les,Ferreri,lferreri3t@wufoo.com,Genderqueer,205.149.81.244
139,Moe,Rucklesse,mrucklesse3u@fastcompany.com,Bigender,23.81.251.77
140,Gregoor,Mathevon,gmathevon3v@npr.org,Non-binary,195.99.174.22
141,Sisile,Kohnen,skohnen3w@home.pl,Non-binary,137.100.250.123
142,Chrissy,Hush,chush3x@tiny.cc,Female,124.67.128.33
143,Minta,Insull,minsull3y@behance.net,Bigender,40.143.103.241
144,Raynard,Cerith,rcerith3z@people.com.cn,Genderqueer,131.221.136.162
145,Erik,Edwick,eedwick40@netscape.com,Female,214.191.172.80
146,Gardiner,Gainsboro,ggainsboro41@creativecommons.org,Non-binary,107.154.137.49
147,Nikita,Hodgon,nhodgon42@google.nl,Non-binary,180.171.247.40
148,Paige,Guiett,pguiett43@slideshare.net,Genderfluid,107.44.28.79
149,Osborne,Weal,oweal44@gnu.org,Genderfluid,215.199.49.9
150,Bearnard,Outright,boutright45@wordpress.com,Genderfluid,37.242.205.185
151,Sydney,Reeken,sreeken46@house.gov,Male,219.226.100.18
152,Allen,Falla,afalla47@nbcnews.com,Genderqueer,210.147.190.226
153,Denise,Sonier,dsonier48@aol.com,Bigender,12.204.215.240
154,Tyne,Von Gladbach,tvongladbach49@bravesites.com,Agender,193.249.21.123
155,Whittaker,Glynne,wglynne4a@bluehost.com,Non-binary,172.142.255.41
156,Emmalyn,O'Fergus,eofergus4b@networksolutions.com,Non-binary,242.93.239.114
157,Pier,Biasetti,pbiasetti4c@salon.com,Male,82.50.14.26
158,Zena,Daymond,zdaymond4d@wiley.com,Genderfluid,54.67.248.25
159,Vickie,Dunkinson,vdunkinson4e@skype.com,Male,85.229.101.129
160,Saundra,Hedlestone,shedlestone4f@japanpost.jp,Genderqueer,26.194.210.79
161,Davide,Kempton,dkempton4g@lulu.com,Agender,164.4.247.88
162,Cari,Legate,clegate4h@hp.com,Male,57.190.221.110
163,Wynn,Tanswell,wtanswell4i@gmpg.org,Non-binary,132.88.95.9
164,Obadiah,Rotherham,orotherham4j@cnbc.com,Bigender,9.210.50.131
165,Michaela,Zecchi,mzecchi4k@ucoz.com,Non-binary,46.80.128.163
166,Zeb,Carle,zcarle4l@livejournal.com,Male,120.35.97.8
167,Jakie,Posten,jposten4m@mac.com,Female,77.228.145.81
168,Tyler,Corteney,tcorteney4n@jalbum.net,Genderqueer,5.60.85.92
169,Lorita,Scutter,lscutter4o@free.fr,Genderfluid,124.30.79.130
170,Janetta,Merryweather,jmerryweather4p@dell.com,Bigender,171.79.12.213
171,Reeba,Cooper,rcooper4q@vimeo.com,Bigender,6.145.40.231
172,Eleonore,Dybbe,edybbe4r@homestead.com,Female,75.154.61.40
173,Skipton,Tutchings,stutchings4s@usnews.com,Polygender,119.23.23.216
174,Farah,Barkhouse,fbarkhouse4t@utexas.edu,Polygender,138.106.64.2
175,Leoine,Niblo,lniblo4u@hexun.com,Bigender,23.234.76.160
176,Dniren,Cane,dcane4v@marriott.com,Agender,121.38.45.106
177,Berkly,Dowglass,bdowglass4w@reuters.com,Agender,177.67.88.203
178,Anastassia,Dregan,adregan4x@wisc.edu,Polygender,53.152.131.217
179,Orbadiah,Aynscombe,oaynscombe4y@cnn.com,Non-binary,248.103.5.104
180,Kalvin,Gowdridge,kgowdridge4z@naver.com,Male,45.143.72.154
181,Alejandro,Blackett,ablackett50@angelfire.com,Non-binary,195.47.231.67
182,Pris,Duesberry,pduesberry51@themeforest.net,Polygender,212.84.110.207
183,Elsie,Sawood,esawood52@godaddy.com,Genderqueer,169.90.185.9
184,Wyatan,Dupoy,wdupoy53@gnu.org,Agender,141.25.179.6
185,Alysia,Bark,abark54@blog.com,Non-binary,170.137.110.64
186,Georgiana,McPaike,gmcpaike55@state.gov,Genderfluid,136.182.109.127
187,Natalina,Garbert,ngarbert56@sakura.ne.jp,Female,188.230.129.142
188,Rhianna,Ellacott,rellacott57@mit.edu,Agender,33.42.225.92
189,Teressa,Rishworth,trishworth58@addthis.com,Genderqueer,234.142.40.248
190,Hayden,Jiggle,hjiggle59@ftc.gov,Female,33.115.166.95
191,Letitia,Conachy,lconachy5a@japanpost.jp,Female,142.131.97.54
192,Lamond,Walduck,lwalduck5b@dion.ne.jp,Polygender,254.185.210.195
193,Kaine,Kemm,kkemm5c@exblog.jp,Non-binary,254.96.219.220
194,Carree,Cranke,ccranke5d@bigcartel.com,Polygender,128.22.29.127
195,Alwin,Vaudre,avaudre5e@webnode.com,Agender,119.188.207.201
196,Kelwin,Storkes,kstorkes5f@liveinternet.ru,Polygender,162.48.72.10
197,Frankie,Gravenell,fgravenell5g@theatlantic.com,Genderqueer,44.51.98.78
198,Camile,Lander,clander5h@w3.org,Genderqueer,101.16.216.95
199,Max,Ringrose,mringrose5i@discuz.net,Polygender,54.177.54.117
200,Carol-jean,Sarver,csarver5j@prnewswire.com,Female,242.28.80.75
201,Lulita,Jahns,ljahns5k@wikispaces.com,Genderfluid,69.149.62.24
202,Auguste,Luipold,aluipold5l@senate.gov,Polygender,65.219.73.112
203,Griff,Belliss,gbelliss5m@over-blog.com,Female,119.245.193.123
204,Danielle,Dumphreys,ddumphreys5n@yahoo.com,Genderfluid,78.174.178.142
205,Raimund,Sutlieff,rsutlieff5o@ocn.ne.jp,Agender,78.174.31.99
206,Ansell,Gowland,agowland5p@clickbank.net,Bigender,178.69.158.56
207,Ivie,Surgood,isurgood5q@squidoo.com,Genderfluid,130.99.198.251
208,Redford,Penelli,rpenelli5r@dyndns.org,Genderfluid,75.192.25.249
209,Sibilla,Columbell,scolumbell5s@devhub.com,Female,32.174.191.29
210,Stevana,Stuchbery,sstuchbery5t@cargocollective.com,Female,226.145.226.217
211,Yvor,Dowrey,ydowrey5u@ebay.co.uk,Genderfluid,164.128.39.12
212,Brade,Willingham,bwillingham5v@addthis.com,Agender,232.36.210.98
213,Waldo,Epperson,wepperson5w@baidu.com,Female,79.63.230.98
214,Merell,McQuorkel,mmcquorkel5x@yellowpages.com,Genderfluid,148.180.19.79
215,Dall,Luisetti,dluisetti5y@independent.co.uk,Male,70.55.88.234
216,Delphine,Layburn,dlayburn5z@gizmodo.com,Female,90.142.61.208
217,Jourdain,Foux,jfoux60@sfgate.com,Genderfluid,212.136.222.72
218,Mano,Mundie,mmundie61@devhub.com,Polygender,189.172.21.57
219,Reeba,Baulch,rbaulch62@hhs.gov,Polygender,37.95.139.234
220,Claude,Letch,cletch63@usatoday.com,Male,168.16.27.186
221,Nikos,Kennler,nkennler64@squidoo.com,Bigender,246.7.144.57
222,Boonie,Suett,bsuett65@soundcloud.com,Genderqueer,65.103.11.43
223,Yolane,Easun,yeasun66@squidoo.com,Male,26.69.252.173
224,Jethro,Curl,jcurl67@deviantart.com,Agender,22.167.217.200
225,Norman,Pozer,npozer68@simplemachines.org,Male,185.116.205.198
226,Ame,McIlrath,amcilrath69@facebook.com,Genderfluid,91.224.183.123
227,Donna,Drinkale,ddrinkale6a@livejournal.com,Agender,82.172.16.237
228,Antonino,Dearness,adearness6b@hud.gov,Bigender,216.175.119.243
229,Leticia,Dockrell,ldockrell6c@ft.com,Agender,150.117.162.254
230,Raynard,Triggs,rtriggs6d@oracle.com,Genderfluid,246.216.151.139
231,Antonio,Romayn,aromayn6e@weather.com,Genderqueer,199.9.131.241
232,Ariel,Roja,aroja6f@hc360.com,Bigender,171.42.46.173
233,Riva,Martinyuk,rmartinyuk6g@yandex.ru,Genderfluid,61.212.6.50
234,Thomasina,Blaase,tblaase6h@livejournal.com,Genderqueer,85.9.77.254
235,Kathye,Mullinger,kmullinger6i@abc.net.au,Genderfluid,63.82.143.252
236,Georgia,Aspling,gaspling6j@baidu.com,Bigender,115.113.244.189
237,Agnese,Gosnold,agosnold6k@xrea.com,Genderqueer,229.135.98.162
238,Mala,Dalton,mdalton6l@shop-pro.jp,Male,251.173.188.181
239,Karlan,Sargood,ksargood6m@nps.gov,Agender,55.101.153.96
240,Hilly,Assaf,hassaf6n@blogtalkradio.com,Genderfluid,134.40.52.50
241,Debi,Haversham,dhaversham6o@ocn.ne.jp,Agender,117.179.135.205
242,Lise,Morshead,lmorshead6p@umich.edu,Bigender,175.123.182.69
243,Gwynne,Dilley,gdilley6q@dailymail.co.uk,Genderqueer,213.208.238.88
244,Herbie,Capaldo,hcapaldo6r@zdnet.com,Genderfluid,242.108.245.146
245,Wilmar,Brockley,wbrockley6s@wired.com,Agender,220.62.162.243
246,Lemuel,Cobbald,lcobbald6t@sitemeter.com,Male,241.51.5.155
247,Domenic,Spiers,dspiers6u@huffingtonpost.com,Genderqueer,126.122.3.37
248,Alie,Perillo,aperillo6v@samsung.com,Female,152.75.111.1
249,Enrica,Sporton,esporton6w@parallels.com,Male,35.7.43.136
250,Daria,Armsby,darmsby6x@blinklist.com,Non-binary,158.84.99.67
251,Jenda,Santore,jsantore6y@goo.ne.jp,Genderqueer,89.171.228.142
252,Halsy,Haucke,hhaucke6z@redcross.org,Female,168.199.151.5
253,Florencia,Cloney,fcloney70@biblegateway.com,Genderqueer,44.202.188.210
254,Agathe,Hazeman,ahazeman71@soup.io,Male,66.136.148.56
255,Dory,Bydaway,dbydaway72@flavors.me,Genderfluid,1.192.101.79
256,Zilvia,Mainland,zmainland73@auda.org.au,Male,151.118.5.168
257,Cristal,Kempstone,ckempstone74@samsung.com,Agender,83.188.46.108
258,Courtney,Lambertazzi,clambertazzi75@rambler.ru,Female,88.39.75.138
259,Andriette,Bewsey,abewsey76@csmonitor.com,Polygender,182.253.239.195
260,Devan,Vale,dvale77@hugedomains.com,Bigender,42.236.35.27
261,Andromache,Merring,amerring78@e-recht24.de,Female,191.130.209.87
262,Avril,Skitch,askitch79@cam.ac.uk,Genderqueer,200.160.215.84
263,Patton,Shottin,pshottin7a@state.gov,Non-binary,108.168.239.142
264,Averil,Tenaunt,atenaunt7b@tuttocitta.it,Bigender,45.30.39.243
265,Hammad,Tuvey,htuvey7c@stanford.edu,Male,30.184.248.88
266,Inness,Handlin,ihandlin7d@amazon.co.uk,Non-binary,210.26.233.48
267,Edmund,Follan,efollan7e@flickr.com,Female,103.42.190.14
268,Estrella,Masham,emasham7f@oracle.com,Non-binary,70.211.35.175
269,Isidor,Tschierasche,itschierasche7g@ibm.com,Polygender,106.41.218.10
270,Denice,Kilroy,dkilroy7h@sfgate.com,Polygender,135.101.179.234
271,Mirabella,Vasser,mvasser7i@cdbaby.com,Agender,163.238.85.252
272,Susanetta,Mickleborough,smickleborough7j@comcast.net,Polygender,216.151.90.241
273,Jayne,Haley,jhaley7k@ifeng.com,Male,213.172.155.192
274,Caesar,Jouannisson,cjouannisson7l@smugmug.com,Genderfluid,150.131.186.32
275,Raye,O'Cullen,rocullen7m@goo.ne.jp,Agender,49.82.31.28
276,Archy,Jedrasik,ajedrasik7n@uiuc.edu,Bigender,141.140.151.110
277,Jobina,MacSporran,jmacsporran7o@zimbio.com,Male,165.26.4.115
278,Jacinta,Warboy,jwarboy7p@simplemachines.org,Polygender,44.114.53.235
279,Sandra,Halfhead,shalfhead7q@loc.gov,Genderfluid,91.247.106.255
280,Fredric,Terrett,fterrett7r@ycombinator.com,Female,134.49.17.162
281,Saunders,Churchley,schurchley7s@1und1.de,Genderqueer,104.20.126.78
282,Adelbert,Peacop,apeacop7t@ucoz.com,Genderfluid,118.113.65.205
283,Greer,Bale,gbale7u@columbia.edu,Non-binary,125.153.120.238
284,Claude,Flegg,cflegg7v@joomla.org,Agender,108.149.142.139
285,Enrichetta,Abramof,eabramof7w@nih.gov,Polygender,172.43.85.63
286,Anders,Coalbran,acoalbran7x@archive.org,Non-binary,36.0.99.178
287,Camala,Grayshan,cgrayshan7y@alibaba.com,Female,225.243.25.124
288,Kerry,Swindall,kswindall7z@altervista.org,Male,23.255.100.251
289,Carolyne,Monroe,cmonroe80@cmu.edu,Female,222.97.205.249
290,Gustaf,Langridge,glangridge81@mashable.com,Genderqueer,142.8.155.213
291,Jim,Vittel,jvittel82@imgur.com,Female,7.170.41.75
292,Anna-diana,Chapier,achapier83@1688.com,Female,68.8.50.66
293,Cheslie,Brummell,cbrummell84@xinhuanet.com,Non-binary,83.135.21.189
294,Filide,Decent,fdecent85@senate.gov,Agender,59.44.64.3
295,Isahella,Alphonso,ialphonso86@techcrunch.com,Agender,18.238.192.73
296,Ardenia,Assender,aassender87@networkadvertising.org,Female,157.181.27.121
297,Harriett,Cottell,hcottell88@va.gov,Non-binary,57.134.236.63
298,Pollyanna,Rops,props89@dot.gov,Male,203.131.120.248
299,Pet,St. Louis,pstlouis8a@google.com.au,Female,213.17.135.254
300,Corie,Raddin,craddin8b@princeton.edu,Female,195.245.129.212
301,Ross,Myton,rmyton8c@bloomberg.com,Agender,137.138.232.38
302,Damara,Libermore,dlibermore8d@exblog.jp,Non-binary,190.90.115.247
303,Druci,Melly,dmelly8e@skyrock.com,Genderqueer,233.170.231.40
304,Archibold,Gammet,agammet8f@cam.ac.uk,Genderfluid,174.29.118.182
305,Anya,Errigo,aerrigo8g@walmart.com,Bigender,64.46.16.19
306,Iris,Batchellor,ibatchellor8h@ycombinator.com,Agender,31.188.113.36
307,Ginny,Lauritzen,glauritzen8i@infoseek.co.jp,Genderfluid,195.200.144.223
308,Augustus,Wistance,awistance8j@edublogs.org,Agender,17.161.50.217
309,Sibel,Heijne,sheijne8k@latimes.com,Male,94.242.203.199
310,Faustine,Baitson,fbaitson8l@engadget.com,Genderfluid,183.39.37.249
311,Tamqrah,Conerding,tconerding8m@squidoo.com,Agender,164.229.196.150
312,Giorgi,Weatherley,gweatherley8n@prnewswire.com,Female,30.41.238.148
313,Ewan,Paumier,epaumier8o@apple.com,Male,9.247.224.220
314,Tessi,Bowerbank,tbowerbank8p@so-net.ne.jp,Male,173.180.215.70
315,Izzy,Staley,istaley8q@statcounter.com,Non-binary,61.32.197.31
316,Dorise,Albany,dalbany8r@blogs.com,Polygender,108.99.239.56
317,Wallie,Harflete,wharflete8s@myspace.com,Genderqueer,50.57.169.81
318,Susanetta,Enion,senion8t@netlog.com,Non-binary,25.209.31.36
319,Bordy,McDugal,bmcdugal8u@yale.edu,Polygender,29.153.55.163
320,Esmeralda,Berget,eberget8v@rakuten.co.jp,Genderqueer,15.26.10.36
321,Forbes,Crusham,fcrusham8w@ifeng.com,Polygender,123.198.1.14
322,Nancie,Matias,nmatias8x@google.co.uk,Polygender,122.32.214.229
323,Lorne,Winspare,lwinspare8y@canalblog.com,Agender,186.199.156.29
324,Tracey,Tough,ttough8z@tripod.com,Non-binary,202.77.255.75
325,Julee,Planke,jplanke90@si.edu,Polygender,228.94.19.55
326,Rubie,Eddington,reddington91@jimdo.com,Non-binary,7.18.154.250
327,Rosco,Kittel,rkittel92@goodreads.com,Non-binary,244.40.202.6
328,Lynnea,Bover,lbover93@va.gov,Female,178.132.33.152
329,Costanza,Keysall,ckeysall94@hud.gov,Genderqueer,90.116.217.67
330,Noble,Lanchbury,nlanchbury95@msn.com,Genderfluid,183.231.103.202
331,Mathew,Delafont,mdelafont96@icio.us,Polygender,238.174.61.53
332,Elva,Riddoch,eriddoch97@usa.gov,Male,181.164.35.197
333,Hadley,Laurand,hlaurand98@cnn.com,Genderqueer,48.183.197.110
334,Denny,Bisco,dbisco99@marketwatch.com,Bigender,120.5.134.164
335,Brit,Collin,bcollin9a@bravesites.com,Non-binary,102.90.230.197
336,Guenna,Romaynes,gromaynes9b@icq.com,Female,96.96.183.84
337,Giraud,Capineer,gcapineer9c@cnbc.com,Male,186.221.120.20
338,Shalne,Dickens,sdickens9d@mozilla.org,Non-binary,4.52.10.161
339,Minda,Robshaw,mrobshaw9e@artisteer.com,Polygender,239.174.236.64
340,Jacquelin,Petrol,jpetrol9f@spotify.com,Female,123.183.114.117
341,Putnam,Degoey,pdegoey9g@jalbum.net,Male,165.133.49.4
342,Luigi,Pien,lpien9h@odnoklassniki.ru,Female,228.30.139.158
343,Colline,Badam,cbadam9i@fda.gov,Non-binary,74.217.183.175
344,Malorie,Ginnaly,mginnaly9j@sohu.com,Polygender,43.128.244.175
345,Xylia,Shafier,xshafier9k@themeforest.net,Female,207.112.21.211
346,Hannie,Nelthorp,hnelthorp9l@trellian.com,Agender,208.41.204.231
347,Gabie,Kyneton,gkyneton9m@behance.net,Non-binary,202.229.206.64
348,Enrichetta,Rotter,erotter9n@about.com,Genderfluid,45.169.94.35
349,Myra,Cluley,mcluley9o@hubpages.com,Agender,191.19.97.226
350,Letta,Rableau,lrableau9p@reverbnation.com,Non-binary,111.62.56.237
351,Michael,Rispin,mrispin9q@usgs.gov,Genderqueer,77.178.77.10
352,Enrika,Yarrell,eyarrell9r@amazonaws.com,Agender,241.161.220.87
353,Kenn,Radsdale,kradsdale9s@altervista.org,Non-binary,183.192.238.200
354,Hyacinthe,Bosse,hbosse9t@gravatar.com,Genderfluid,45.155.84.65
355,Corrie,Pennini,cpennini9u@twitter.com,Female,176.79.76.17
356,Brett,Kilshaw,bkilshaw9v@dropbox.com,Agender,68.192.102.212
357,Travus,Headings,theadings9w@japanpost.jp,Polygender,57.173.145.38
358,Jennie,Belfit,jbelfit9x@cargocollective.com,Polygender,199.60.210.146
359,Gianni,Kaufman,gkaufman9y@amazon.com,Bigender,51.230.77.235
360,Nerte,Roskrug,nroskrug9z@cyberchimps.com,Genderqueer,119.225.93.214
361,Colette,Levine,clevinea0@multiply.com,Male,46.18.148.159
362,Jarred,Imbrey,jimbreya1@squarespace.com,Agender,141.187.219.228
363,Ker,Chaffen,kchaffena2@walmart.com,Genderqueer,174.188.149.212
364,Bernardina,Twelves,btwelvesa3@sourceforge.net,Genderqueer,11.140.100.255
365,Jamison,Moorhouse,jmoorhousea4@naver.com,Agender,107.223.231.157
366,Keith,Lanchberry,klanchberrya5@multiply.com,Polygender,245.44.71.201
367,Willey,Wisson,wwissona6@squidoo.com,Male,242.76.68.106
368,Courtnay,Skryne,cskrynea7@yellowpages.com,Agender,234.234.128.152
369,Beitris,Blase,bblasea8@yellowbook.com,Genderfluid,243.84.72.224
370,Glennie,Clavey,gclaveya9@prweb.com,Non-binary,41.125.35.69
371,Faustine,Lassells,flassellsaa@mediafire.com,Non-binary,71.110.158.10
372,Guthrie,Manby,gmanbyab@sciencedirect.com,Bigender,97.106.207.157
373,Ashton,Janeczek,ajaneczekac@plala.or.jp,Polygender,214.189.87.10
374,Ardyth,Shildrick,ashildrickad@livejournal.com,Genderqueer,201.175.186.89
375,Nannette,Segoe,nsegoeae@dropbox.com,Female,61.106.46.238
376,Mira,Bercher,mbercheraf@yale.edu,Polygender,211.227.1.166
377,Shelbi,Oag,soagag@archive.org,Non-binary,37.203.159.205
378,Judah,Ivantsov,jivantsovah@goo.ne.jp,Bigender,249.41.239.242
379,Laurie,McGinnis,lmcginnisai@mapy.cz,Bigender,84.118.9.139
380,Lemuel,Laxon,llaxonaj@cornell.edu,Bigender,109.228.219.133
381,Lanette,Kayne,lkayneak@mysql.com,Male,8.28.235.152
382,Joye,Greensted,jgreenstedal@freewebs.com,Genderqueer,130.44.241.138
383,Coral,Gritskov,cgritskovam@lulu.com,Female,89.206.222.58
384,Cozmo,Marris,cmarrisan@simplemachines.org,Genderqueer,254.102.246.222
385,Caz,Casey,ccaseyao@cdbaby.com,Bigender,181.158.51.79
386,Marleah,Martyntsev,mmartyntsevap@bing.com,Genderfluid,242.214.138.73
387,Forbes,Papierz,fpapierzaq@un.org,Female,191.82.245.82
388,Yuma,Errigo,yerrigoar@123-reg.co.uk,Genderfluid,56.222.188.82
389,Frederigo,Mylchreest,fmylchreestas@networkadvertising.org,Non-binary,222.240.229.253
390,Eloise,McMenemy,emcmenemyat@patch.com,Genderfluid,125.237.31.173
391,Yalonda,McQuirter,ymcquirterau@tinyurl.com,Non-binary,36.208.29.191
392,Viola,Angless,vanglessav@google.pl,Non-binary,93.129.61.8
393,Mahalia,Charke,mcharkeaw@sciencedaily.com,Genderqueer,241.108.62.164
394,Addy,Wissbey,awissbeyax@amazon.co.uk,Female,90.93.252.66
395,Elvin,Leetham,eleethamay@princeton.edu,Female,209.226.18.204
396,Karly,Critcher,kcritcheraz@4shared.com,Bigender,21.209.35.180
397,Kin,Steinor,ksteinorb0@cafepress.com,Male,35.172.93.19
398,Roxanne,Baggot,rbaggotb1@cornell.edu,Genderqueer,76.243.163.57
399,Gill,Wilde,gwildeb2@360.cn,Genderqueer,155.45.168.5
400,Dotti,Sketh,dskethb3@about.me,Female,253.233.23.111
401,Dorine,Foxhall,dfoxhallb4@rambler.ru,Genderqueer,224.77.182.218
402,Ros,Lehmann,rlehmannb5@goo.gl,Female,224.156.229.217
403,Germain,Slyme,gslymeb6@printfriendly.com,Male,53.64.158.39
404,Heddi,Peachman,hpeachmanb7@constantcontact.com,Polygender,161.117.207.60
405,Shanon,Crystal,scrystalb8@live.com,Genderqueer,171.224.117.157
406,Josee,Parlet,jparletb9@ebay.co.uk,Bigender,250.83.123.32
407,Inna,Dudny,idudnyba@4shared.com,Genderfluid,29.146.20.126
408,Elvera,Fifoot,efifootbb@csmonitor.com,Non-binary,79.19.157.110
409,Adriaens,Midden,amiddenbc@latimes.com,Male,185.75.251.176
410,Mahalia,Curreen,mcurreenbd@angelfire.com,Agender,128.48.45.210
411,Ardine,Bedder,abedderbe@t.co,Genderfluid,151.184.17.177
412,Stillmann,Dockerty,sdockertybf@alibaba.com,Non-binary,219.46.235.18
413,Rozelle,Vinall,rvinallbg@posterous.com,Polygender,71.104.58.88
414,Meridith,Fennell,mfennellbh@amazonaws.com,Agender,238.194.229.114
415,Patsy,D'Ugo,pdugobi@hc360.com,Genderfluid,71.69.143.54
416,Charmane,Siaspinski,csiaspinskibj@webmd.com,Polygender,58.20.67.12
417,May,Records,mrecordsbk@elegantthemes.com,Genderqueer,201.113.246.241
418,Artie,Yakobowitz,ayakobowitzbl@csmonitor.com,Polygender,128.169.76.163
419,Raddy,Perrin,rperrinbm@bbc.co.uk,Bigender,122.164.167.239
420,Cassandry,Ledram,cledrambn@merriam-webster.com,Genderqueer,184.16.200.81
421,Markos,Couroy,mcouroybo@reverbnation.com,Genderqueer,139.136.51.13
422,Aldus,Slade,asladebp@accuweather.com,Female,18.10.107.195
423,Antonie,Bernardin,abernardinbq@eepurl.com,Male,237.50.172.121
424,Clayborne,Jeeks,cjeeksbr@cyberchimps.com,Male,166.57.19.0
425,Ashli,Cashen,acashenbs@time.com,Agender,20.59.223.71
426,Tera,Thomtson,tthomtsonbt@senate.gov,Non-binary,166.72.143.53
427,Stearne,Laddle,sladdlebu@huffingtonpost.com,Polygender,241.48.225.155
428,Pebrook,Mateu,pmateubv@networksolutions.com,Genderqueer,74.253.124.170
429,Fifi,Geraldini,fgeraldinibw@about.com,Genderfluid,245.219.35.153
430,Fayre,Husthwaite,fhusthwaitebx@unicef.org,Male,44.43.66.184
431,Kippy,Philipeau,kphilipeauby@pagesperso-orange.fr,Male,90.102.37.44
432,Shae,Mabbott,smabbottbz@prlog.org,Non-binary,227.37.254.125
433,Bettye,Penbarthy,bpenbarthyc0@indiegogo.com,Male,108.0.122.196
434,Tess,Barnby,tbarnbyc1@phoca.cz,Male,172.74.15.118
435,Ernesto,Mackiewicz,emackiewiczc2@shutterfly.com,Non-binary,62.235.120.169
436,Alfonso,Bleaden,ableadenc3@wikia.com,Bigender,135.116.172.8
437,Fletcher,McClymond,fmcclymondc4@cdbaby.com,Genderqueer,240.84.7.178
438,Alisander,Doveston,adovestonc5@weebly.com,Polygender,115.134.210.169
439,Rodrique,Tapner,rtapnerc6@amazonaws.com,Genderfluid,165.112.157.6
440,Yvon,Tomkinson,ytomkinsonc7@hubpages.com,Agender,223.250.204.255
441,Collin,Kasher,ckasherc8@meetup.com,Non-binary,12.17.102.197
442,Sebastien,Beaulieu,sbeaulieuc9@irs.gov,Genderfluid,30.54.203.205
443,Myrtia,Misk,mmiskca@techcrunch.com,Genderqueer,49.210.112.96
444,Adrianne,Serrels,aserrelscb@cbc.ca,Genderqueer,94.231.28.191
445,Peria,Ogger,poggercc@google.cn,Bigender,247.18.196.159
446,Margaretta,Lascelles,mlascellescd@cisco.com,Genderfluid,170.94.175.244
447,Tobit,Esposi,tesposice@angelfire.com,Agender,196.178.37.129
448,Emmeline,Braidon,ebraidoncf@networksolutions.com,Genderqueer,55.42.35.138
449,Gillian,Rooper,groopercg@loc.gov,Non-binary,110.178.185.220
450,Selma,Ginnelly,sginnellych@ezinearticles.com,Polygender,246.47.133.95
451,Kissee,Boynes,kboynesci@instagram.com,Female,25.12.72.50
452,Phedra,Jinkinson,pjinkinsoncj@elegantthemes.com,Polygender,1.98.67.9
453,Fraze,Thompson,fthompsonck@cisco.com,Genderfluid,222.177.85.203
454,Gwendolen,Matashkin,gmatashkincl@reuters.com,Genderfluid,143.248.145.242
455,Miquela,Whitfield,mwhitfieldcm@cbc.ca,Female,164.126.110.248
456,Goldarina,Felton,gfeltoncn@google.com.au,Male,16.187.228.78
457,Regan,De Hooch,rdehoochco@oracle.com,Non-binary,221.16.172.24
458,Shaylynn,Acreman,sacremancp@tamu.edu,Male,55.46.196.188
459,Burl,Brackstone,bbrackstonecq@ucoz.com,Male,165.58.195.83
460,Ozzie,Anker,oankercr@a8.net,Agender,70.233.242.103
461,Bessy,Hallewell,bhallewellcs@shinystat.com,Male,124.12.191.176
462,Lavinia,Eagar,leagarct@hubpages.com,Polygender,109.151.69.21
463,Freddie,Flowerden,fflowerdencu@studiopress.com,Genderqueer,240.230.40.162
464,Ulrike,Tofful,utoffulcv@tumblr.com,Non-binary,67.14.230.88
465,Bat,Batiste,bbatistecw@t-online.de,Polygender,147.7.24.140
466,Stella,Dumphreys,sdumphreyscx@jiathis.com,Bigender,53.32.125.9
467,Grover,Yurygyn,gyurygyncy@lycos.com,Male,12.93.9.181
468,Cherin,Van der Spohr,cvanderspohrcz@google.com.br,Genderfluid,119.70.210.246
469,Adolph,Casbon,acasbond0@hp.com,Genderqueer,13.250.106.117
470,Andie,Hillatt,ahillattd1@free.fr,Polygender,41.33.157.219
471,Terza,Belfelt,tbelfeltd2@berkeley.edu,Bigender,56.57.228.228
472,Dom,Fancourt,dfancourtd3@bbc.co.uk,Agender,190.41.55.195
473,Ricca,Whittenbury,rwhittenburyd4@behance.net,Polygender,73.138.99.106
474,Ambros,List,alistd5@ucoz.ru,Non-binary,103.138.105.62
475,Korry,Pattullo,kpattullod6@friendfeed.com,Genderqueer,255.30.223.48
476,Gisela,Froment,gfromentd7@google.ca,Male,133.45.99.9
477,Izaak,Kemery,ikemeryd8@google.pl,Genderqueer,100.226.231.236
478,Joelle,Pennington,jpenningtond9@senate.gov,Genderqueer,24.22.198.40
479,Robena,Pellamonuten,rpellamonutenda@cnet.com,Polygender,83.171.14.189
480,Dave,Harnor,dharnordb@vinaora.com,Polygender,93.146.213.212
481,Chere,Tutton,ctuttondc@shop-pro.jp,Genderqueer,56.188.140.14
482,Helen-elizabeth,Hibling,hhiblingdd@unicef.org,Female,174.216.125.180
483,Antoinette,McClymont,amcclymontde@examiner.com,Polygender,46.70.103.140
484,Hailey,Pedrazzi,hpedrazzidf@list-manage.com,Female,63.157.176.106
485,Hesther,Buckingham,hbuckinghamdg@live.com,Agender,19.21.249.25
486,Anna-diane,Beccera,abecceradh@addtoany.com,Non-binary,101.206.217.223
487,Sutton,Ellwood,sellwooddi@slideshare.net,Genderqueer,32.211.218.149
488,Durante,Gress,dgressdj@ebay.co.uk,Bigender,74.180.49.142
489,Findley,Godsil,fgodsildk@aboutads.info,Genderqueer,63.225.52.255
490,Darda,Bentame,dbentamedl@360.cn,Female,222.124.110.18
491,Carline,Bachelar,cbachelardm@skyrock.com,Female,143.233.187.209
492,Astra,Duchateau,aduchateaudn@taobao.com,Male,74.18.153.1
493,Dur,Dawbury,ddawburydo@ucoz.ru,Genderfluid,182.255.98.62
494,Anetta,Bowcher,abowcherdp@ed.gov,Genderfluid,244.242.199.42
495,Elwyn,Riddich,eriddichdq@simplemachines.org,Female,8.118.102.4
496,Sanford,West-Frimley,swestfrimleydr@noaa.gov,Genderfluid,193.46.133.189
497,Karla,Kaindl,kkaindlds@w3.org,Genderfluid,155.218.66.210
498,Ferdinande,Sleford,fsleforddt@amazon.com,Female,42.255.86.179
499,Bertrando,Jelf,bjelfdu@rambler.ru,Non-binary,87.70.54.148
500,Brinn,Spurryer,bspurryerdv@etsy.com,Agender,197.225.234.39
501,Desmond,Hauxby,dhauxbydw@ca.gov,Genderfluid,82.7.101.102
502,Adolphe,Choak,achoakdx@w3.org,Genderqueer,165.201.226.101
503,Mace,Brockherst,mbrockherstdy@hubpages.com,Non-binary,222.180.233.215
504,Anny,Ducker,aduckerdz@reference.com,Bigender,40.36.158.202
505,Isis,Fruen,ifruene0@unblog.fr,Genderfluid,69.212.117.198
506,Paige,Havile,phavilee1@opera.com,Non-binary,82.188.44.95
507,Leda,Littledyke,llittledykee2@state.tx.us,Non-binary,72.128.83.185
508,Kristofor,Fusco,kfuscoe3@google.pl,Bigender,43.56.26.10
509,Jedediah,Andreix,jandreixe4@themeforest.net,Bigender,149.176.222.141
510,Nobie,Davoren,ndavorene5@lycos.com,Polygender,174.174.201.110
511,Donn,Walisiak,dwalisiake6@mit.edu,Genderfluid,247.201.203.102
512,Terrijo,Foskin,tfoskine7@usda.gov,Genderfluid,135.69.110.56
513,Effie,Blazewski,eblazewskie8@imgur.com,Non-binary,107.251.81.8
514,Buckie,Denman,bdenmane9@usatoday.com,Non-binary,220.214.28.41
515,Fonz,Jone,fjoneea@wikia.com,Male,22.198.58.12
516,Melessa,Eymor,meymoreb@skype.com,Agender,1.16.63.51
517,Inge,Dennerly,idennerlyec@cbslocal.com,Genderqueer,33.25.85.124
518,Dunc,Truter,dtrutered@bloglovin.com,Genderfluid,177.51.213.193
519,Blondell,Exon,bexonee@bloglines.com,Bigender,77.52.173.0
520,Kevin,Dilland,kdillandef@wordpress.com,Male,211.179.208.238
521,Jackelyn,Darnborough,jdarnborougheg@addtoany.com,Polygender,34.108.152.71
522,Wenonah,Prinne,wprinneeh@miitbeian.gov.cn,Genderqueer,191.111.117.29
523,Nonnah,Carlan,ncarlanei@symantec.com,Non-binary,242.87.152.196
524,Noni,Mulvy,nmulvyej@list-manage.com,Bigender,235.97.92.38
525,Crystal,O'Brallaghan,cobrallaghanek@amazonaws.com,Genderqueer,241.201.123.235
526,Andrey,Richichi,arichichiel@arstechnica.com,Bigender,88.152.127.232
527,Edwin,Preston,eprestonem@1688.com,Male,149.21.46.100
528,Weidar,Piken,wpikenen@reference.com,Genderqueer,230.120.175.239
529,Melisa,Richly,mrichlyeo@nifty.com,Non-binary,233.119.21.127
530,Leighton,Greenside,lgreensideep@craigslist.org,Non-binary,40.157.140.53
531,Johnette,Willcox,jwillcoxeq@drupal.org,Agender,38.189.153.188
532,Egor,Spohr,espohrer@sogou.com,Polygender,37.224.112.57
533,Brett,Bloomfield,bbloomfieldes@opensource.org,Polygender,184.21.194.117
534,Janela,Highwood,jhighwoodet@arizona.edu,Bigender,29.46.73.109
535,Giacopo,Ibbs,gibbseu@amazon.co.jp,Non-binary,97.112.203.203
536,Esther,Beslier,ebeslierev@w3.org,Agender,153.104.101.141
537,Annaliese,Kebell,akebellew@ted.com,Female,141.186.92.0
538,Wayne,Jurewicz,wjurewiczex@huffingtonpost.com,Polygender,213.144.12.176
539,Saunder,Rough,sroughey@cam.ac.uk,Non-binary,240.160.213.84
540,Ulrike,Ferguson,ufergusonez@histats.com,Polygender,216.207.19.235
541,Jade,Serot,jserotf0@businessinsider.com,Female,63.167.86.110
542,Yoko,Sottell,ysottellf1@dell.com,Female,213.167.5.63
543,Clair,Pllu,cplluf2@ocn.ne.jp,Non-binary,201.245.188.222
544,Miles,MacAnellye,mmacanellyef3@amazon.co.jp,Bigender,52.1.103.246
545,Berty,Kimmitt,bkimmittf4@cloudflare.com,Agender,205.11.91.111
546,Russell,Palfree,rpalfreef5@ask.com,Genderqueer,220.87.94.152
547,Marlyn,Prisley,mprisleyf6@eventbrite.com,Genderqueer,45.110.157.223
548,Levey,Marrion,lmarrionf7@cdc.gov,Male,3.20.195.179
549,Klement,Weathey,kweatheyf8@utexas.edu,Female,58.110.141.88
550,Amye,Andrioletti,aandriolettif9@mozilla.com,Polygender,245.141.215.163
551,Georgi,Briat,gbriatfa@ucoz.ru,Bigender,204.224.193.158
552,Pat,Keyse,pkeysefb@yahoo.co.jp,Non-binary,158.211.70.188
553,Norina,Acors,nacorsfc@nsw.gov.au,Non-binary,215.130.78.2
554,Laurel,Longworthy,llongworthyfd@icq.com,Bigender,250.48.134.197
555,Gale,Arnal,garnalfe@sun.com,Female,53.0.200.206
556,Cully,Gair,cgairff@imgur.com,Bigender,10.239.190.149
557,Allegra,Harrismith,aharrismithfg@merriam-webster.com,Non-binary,146.96.69.3
558,Lind,Colley,lcolleyfh@friendfeed.com,Polygender,213.41.250.19
559,Celestine,Kilbey,ckilbeyfi@bbb.org,Polygender,142.116.237.4
560,Tammie,Chue,tchuefj@soup.io,Genderqueer,69.183.1.131
561,Smith,D'Arrigo,sdarrigofk@aboutads.info,Male,125.171.31.229
562,Stewart,Kellart,skellartfl@unesco.org,Female,115.193.128.173
563,Maggi,Carwithan,mcarwithanfm@statcounter.com,Male,39.78.76.233
564,Davida,Spurrier,dspurrierfn@rambler.ru,Polygender,70.202.253.44
565,Alicia,Iddons,aiddonsfo@alibaba.com,Genderqueer,9.245.121.107
566,Sasha,Rowena,srowenafp@seesaa.net,Female,194.32.77.53
567,Andras,Coltart,acoltartfq@earthlink.net,Female,19.48.240.238
568,Siobhan,Grandin,sgrandinfr@google.com.au,Agender,80.8.66.141
569,Junette,MacGille,jmacgillefs@i2i.jp,Bigender,179.170.218.108
570,Corby,Motton,cmottonft@epa.gov,Male,220.221.97.100
571,Brockie,Gresser,bgresserfu@baidu.com,Genderfluid,216.237.140.176
572,Antons,Sarl,asarlfv@guardian.co.uk,Agender,48.171.239.238
573,Myrwyn,Massow,mmassowfw@house.gov,Female,99.163.14.13
574,Bird,Wark,bwarkfx@statcounter.com,Agender,22.193.160.113
575,Gill,Cullen,gcullenfy@fda.gov,Agender,140.86.171.96
576,Sherwood,Clipsham,sclipshamfz@unblog.fr,Genderqueer,202.19.80.69
577,Sunshine,Mauger,smaugerg0@google.pl,Polygender,62.21.43.241
578,Jenda,Gilbride,jgilbrideg1@newyorker.com,Polygender,29.65.21.9
579,Josephine,Honisch,jhonischg2@businesswire.com,Genderqueer,111.155.111.130
580,Artemus,Gentry,agentryg3@google.co.jp,Male,193.125.152.24
581,Ricoriki,Watt,rwattg4@zdnet.com,Polygender,90.245.142.125
582,Vlad,Groomebridge,vgroomebridgeg5@indiatimes.com,Genderqueer,115.255.164.146
583,Zebadiah,Jeduch,zjeduchg6@comcast.net,Male,208.8.52.153
584,Steffen,Ainscough,sainscoughg7@addtoany.com,Female,67.167.141.198
585,Clayton,Eim,ceimg8@hugedomains.com,Genderqueer,106.221.58.214
586,Horten,Winborn,hwinborng9@sina.com.cn,Polygender,192.30.86.51
587,Grace,Reucastle,greucastlega@barnesandnoble.com,Female,36.48.95.191
588,Morie,Lawes,mlawesgb@craigslist.org,Male,108.134.45.53
589,Merell,Gobel,mgobelgc@wikispaces.com,Agender,42.16.39.121
590,Fawne,Keymar,fkeymargd@joomla.org,Female,253.248.124.20
591,Siffre,Rawsen,srawsenge@forbes.com,Genderqueer,77.248.6.135
592,Dana,Gerrad,dgerradgf@ed.gov,Bigender,130.185.130.55
593,Claretta,Legrice,clegricegg@spiegel.de,Polygender,9.218.149.190
594,Adan,Minchindon,aminchindongh@plala.or.jp,Bigender,149.38.232.116
595,Norri,Sinnock,nsinnockgi@last.fm,Male,136.93.188.134
596,Idalia,Valance,ivalancegj@netlog.com,Female,151.178.81.62
597,Lyndsey,Kerwen,lkerwengk@cloudflare.com,Polygender,240.173.106.4
598,Fayth,Schenfisch,fschenfischgl@huffingtonpost.com,Male,192.182.206.254
599,Heriberto,Jacomb,hjacombgm@gravatar.com,Genderfluid,11.167.18.254
600,Selina,Bolland,sbollandgn@delicious.com,Polygender,130.242.117.37
601,Fletcher,Staden,fstadengo@globo.com,Male,150.73.217.237
602,Juan,Rothert,jrothertgp@wisc.edu,Bigender,237.129.226.245
603,Washington,Mettricke,wmettrickegq@tripod.com,Female,116.154.120.111
604,Dagmar,Matyashev,dmatyashevgr@51.la,Polygender,136.163.240.124
605,Chevy,Precious,cpreciousgs@pbs.org,Genderfluid,158.179.215.215
606,Ardra,Waleran,awalerangt@issuu.com,Female,183.131.188.108
607,Isabeau,Maulkin,imaulkingu@addtoany.com,Agender,165.109.151.220
608,Padriac,Scantleberry,pscantleberrygv@google.de,Agender,53.186.86.177
609,Tobiah,Slane,tslanegw@mac.com,Genderqueer,59.133.220.226
610,Patrice,Pettecrew,ppettecrewgx@nature.com,Genderfluid,145.93.184.216
611,Jessamine,Hitzschke,jhitzschkegy@spotify.com,Male,67.218.16.5
612,Sheila-kathryn,Padley,spadleygz@people.com.cn,Bigender,23.169.129.209
613,Muffin,Gilbanks,mgilbanksh0@webeden.co.uk,Agender,201.122.54.222
614,Adria,Seneschal,aseneschalh1@123-reg.co.uk,Male,236.223.41.109
615,Ally,MacQuist,amacquisth2@hp.com,Female,204.214.8.133
616,Frasquito,Dessaur,fdessaurh3@pbs.org,Female,56.174.8.112
617,Andie,Cosin,acosinh4@ehow.com,Genderqueer,244.210.127.102
618,Portie,Springell,pspringellh5@theglobeandmail.com,Agender,206.159.193.89
619,Huntley,Espadate,hespadateh6@360.cn,Polygender,60.73.121.232
620,Aldin,Heinsh,aheinshh7@bloglovin.com,Polygender,151.245.105.183
621,Nichol,Lissandre,nlissandreh8@psu.edu,Polygender,28.167.222.115
622,Conroy,Gawne,cgawneh9@lycos.com,Male,47.250.0.203
623,Lorianne,Saggers,lsaggersha@xinhuanet.com,Polygender,178.81.218.164
624,Ole,Spreckley,ospreckleyhb@jigsy.com,Agender,136.232.216.238
625,Pamella,Labbez,plabbezhc@go.com,Polygender,236.59.21.157
626,Stafani,Ferrettino,sferrettinohd@blogs.com,Genderqueer,215.1.210.17
627,Reine,Lomasna,rlomasnahe@who.int,Bigender,81.210.213.35
628,Pauletta,Douthwaite,pdouthwaitehf@imgur.com,Agender,245.58.243.15
629,Chelsea,Romei,cromeihg@cpanel.net,Non-binary,114.149.231.13
630,Nancee,Piggens,npiggenshh@hp.com,Genderfluid,162.139.16.150
631,Roxane,Hadye,rhadyehi@cpanel.net,Genderfluid,16.63.82.0
632,Clemmy,Chessor,cchessorhj@omniture.com,Non-binary,164.56.225.126
633,Ulrica,Lynch,ulynchhk@weather.com,Bigender,205.237.31.82
634,Charmine,Ceeley,cceeleyhl@51.la,Male,45.199.222.230
635,Natividad,Hehl,nhehlhm@github.com,Genderqueer,127.192.208.118
636,Bo,Tortoise,btortoisehn@sphinn.com,Male,28.220.50.184
637,Ken,Chastel,kchastelho@google.it,Polygender,182.40.202.100
638,Meade,De Bell,mdebellhp@newyorker.com,Genderfluid,68.169.14.153
639,Ginelle,Lovat,glovathq@craigslist.org,Agender,64.10.238.203
640,Renault,Burgisi,rburgisihr@php.net,Genderqueer,64.23.84.47
641,Reta,Adlard,radlardhs@samsung.com,Genderfluid,178.248.109.80
642,Cristina,Craisford,ccraisfordht@odnoklassniki.ru,Genderfluid,121.141.149.186
643,Raphaela,Pointin,rpointinhu@yale.edu,Genderqueer,33.242.2.109
644,Teodoro,Morley,tmorleyhv@tripadvisor.com,Bigender,184.145.135.137
645,Free,Huddleston,fhuddlestonhw@google.pl,Polygender,80.171.104.83
646,Vidovic,Akehurst,vakehursthx@behance.net,Bigender,203.39.11.136
647,Nona,Harbard,nharbardhy@dion.ne.jp,Genderqueer,105.37.49.151
648,Bernardo,Alf,balfhz@usda.gov,Female,187.29.203.125
649,Kylen,Deem,kdeemi0@nps.gov,Genderqueer,90.121.193.132
650,Berte,Carillo,bcarilloi1@nbcnews.com,Agender,160.4.217.19
651,Cos,Levis,clevisi2@so-net.ne.jp,Genderfluid,198.70.199.137
652,Yvonne,Berzons,yberzonsi3@edublogs.org,Male,177.247.232.206
653,Jackqueline,Custy,jcustyi4@wikimedia.org,Genderfluid,64.190.239.247
654,Araldo,Cowope,acowopei5@msn.com,Agender,64.98.211.35
655,Earlie,Blois,ebloisi6@usatoday.com,Male,77.222.214.154
656,Zelma,Beverstock,zbeverstocki7@webmd.com,Non-binary,128.54.182.226
657,Nathanil,Gillice,ngillicei8@xrea.com,Male,145.195.105.248
658,Babbette,Pietsma,bpietsmai9@google.ca,Non-binary,24.46.33.129
659,Vevay,Moppett,vmoppettia@npr.org,Non-binary,55.59.74.112
660,Bonnie,Wellum,bwellumib@harvard.edu,Genderfluid,244.255.76.150
661,Beverie,Willacot,bwillacotic@usnews.com,Genderqueer,96.63.32.53
662,Christophe,Webborn,cwebbornid@weather.com,Genderfluid,236.46.34.172
663,Tymothy,Welburn,twelburnie@rediff.com,Polygender,157.219.129.207
664,Fremont,McShea,fmcsheaif@newyorker.com,Agender,158.47.235.225
665,Spense,Dybell,sdybellig@bing.com,Genderfluid,208.233.252.40
666,Brandise,Sedgmond,bsedgmondih@wix.com,Agender,224.149.208.199
667,Tedra,Schutte,tschutteii@hubpages.com,Polygender,65.91.29.236
668,Melanie,Nani,mnaniij@theguardian.com,Bigender,207.114.253.78
669,Chaddy,Bulfield,cbulfieldik@mozilla.com,Agender,158.211.1.127
670,Kort,Coker,kcokeril@vistaprint.com,Agender,144.163.5.252
671,Mace,McConville,mmcconvilleim@bravesites.com,Genderfluid,201.138.241.253
672,Porter,Rolf,prolfin@so-net.ne.jp,Male,21.160.89.100
673,Shayla,Sellen,ssellenio@usgs.gov,Genderqueer,122.25.125.95
674,Rosina,Digman,rdigmanip@va.gov,Genderfluid,224.147.164.55
675,Kenon,Daenen,kdaeneniq@fastcompany.com,Female,246.69.101.16
676,Edyth,Gladhill,egladhillir@army.mil,Genderqueer,73.182.180.135
677,Jephthah,Sellstrom,jsellstromis@independent.co.uk,Bigender,246.241.23.40
678,Ardeen,Blum,ablumit@blog.com,Agender,131.142.191.185
679,Vlad,Oldridge,voldridgeiu@fc2.com,Agender,126.95.76.119
680,Rourke,Laughrey,rlaughreyiv@japanpost.jp,Bigender,60.16.37.4
681,Talbot,Giordano,tgiordanoiw@lycos.com,Non-binary,70.235.105.218
682,Calla,Spratley,cspratleyix@hhs.gov,Genderqueer,227.131.177.106
683,Thibaut,Carde,tcardeiy@blogs.com,Agender,0.169.114.148
684,Bram,Watting,bwattingiz@sbwire.com,Bigender,178.210.204.185
685,Dene,Wooding,dwoodingj0@washingtonpost.com,Bigender,254.148.150.114
686,Mateo,Raspel,mraspelj1@zimbio.com,Bigender,21.234.138.80
687,Damiano,De Giorgi,ddegiorgij2@comsenz.com,Female,23.54.24.118
688,Florella,Hoggan,fhogganj3@comcast.net,Polygender,67.198.190.220
689,Gweneth,Skeat,gskeatj4@uiuc.edu,Polygender,159.155.42.118
690,Willey,St Pierre,wstpierrej5@nhs.uk,Female,152.221.16.179
691,Eustacia,Sparway,esparwayj6@alibaba.com,Genderqueer,154.242.62.24
692,Wenonah,Fraczak,wfraczakj7@xing.com,Genderfluid,155.42.149.198
693,Clifford,Carrier,ccarrierj8@com.com,Genderqueer,145.9.181.12
694,Jinny,Fort,jfortj9@blogs.com,Bigender,78.76.110.12
695,Allyn,Gascoyen,agascoyenja@dell.com,Genderfluid,101.15.102.176
696,Devonna,Inchley,dinchleyjb@ucoz.ru,Genderfluid,207.110.205.52
697,Kayne,Eadmeades,keadmeadesjc@yahoo.com,Polygender,97.27.97.206
698,Linell,Alyoshin,lalyoshinjd@dailymotion.com,Bigender,81.245.248.188
699,Cyrus,Horlock,chorlockje@china.com.cn,Female,202.129.150.148
700,Erma,Hailes,ehailesjf@google.com.au,Agender,27.162.211.253
701,Rosabel,Gleeton,rgleetonjg@tiny.cc,Female,184.10.40.83
702,Jerry,Flippini,jflippinijh@vinaora.com,Male,25.101.160.204
703,Juli,Cammack,jcammackji@bing.com,Agender,126.6.254.38
704,Xylia,Notti,xnottijj@alexa.com,Agender,18.87.155.217
705,Nevins,Whotton,nwhottonjk@free.fr,Non-binary,2.189.227.188
706,Jacynth,Lygo,jlygojl@sciencedirect.com,Bigender,166.97.23.13
707,Kiley,Gravestone,kgravestonejm@yolasite.com,Genderqueer,226.3.249.35
708,Jacqui,Fulger,jfulgerjn@tripod.com,Agender,214.70.27.143
709,Katy,Macveigh,kmacveighjo@topsy.com,Agender,85.110.0.198
710,Ameline,Redgate,aredgatejp@mapy.cz,Male,171.116.14.130
711,Tucker,Pawsey,tpawseyjq@springer.com,Non-binary,255.75.229.44
712,Gerhardt,Genery,ggeneryjr@tmall.com,Female,209.208.84.1
713,Nellie,Hardaway,nhardawayjs@networksolutions.com,Polygender,197.184.15.92
714,Layton,Gonnelly,lgonnellyjt@marketwatch.com,Agender,28.214.194.243
715,Duffy,Sea,dseaju@facebook.com,Non-binary,10.76.112.95
716,Philipa,Brome,pbromejv@seesaa.net,Polygender,72.92.205.72
717,Inge,Semmens,isemmensjw@tinyurl.com,Agender,247.29.239.34
718,Bord,McGready,bmcgreadyjx@issuu.com,Genderfluid,140.48.86.178
719,Letti,Castanie,lcastaniejy@google.co.uk,Male,140.161.243.255
720,Abraham,Ravenscroftt,aravenscrofttjz@biblegateway.com,Agender,8.22.240.29
721,Consalve,Soonhouse,csoonhousek0@imgur.com,Non-binary,174.94.134.202
722,Othella,Kenefick,okenefickk1@youtu.be,Genderfluid,199.71.241.255
723,Wilie,Gildersleaves,wgildersleavesk2@zimbio.com,Polygender,140.222.247.10
724,Ase,Chetham,achethamk3@ihg.com,Genderqueer,77.34.35.166
725,Avis,Mundow,amundowk4@cocolog-nifty.com,Bigender,229.179.61.77
726,Derril,Sallter,dsallterk5@tinyurl.com,Male,72.7.58.67
727,Alex,Butchard,abutchardk6@360.cn,Agender,151.102.154.213
728,Rourke,Lyddiatt,rlyddiattk7@engadget.com,Female,66.211.145.167
729,Franny,Cymper,fcymperk8@free.fr,Agender,7.155.188.30
730,Angelica,Balme,abalmek9@creativecommons.org,Agender,234.20.198.109
731,Harry,Pinnick,hpinnickka@theguardian.com,Non-binary,40.188.138.61
732,Wyatan,Turmall,wturmallkb@auda.org.au,Female,58.252.119.39
733,Winnah,Ben,wbenkc@sun.com,Female,86.27.187.75
734,Kendra,Warcup,kwarcupkd@state.tx.us,Agender,194.127.142.169
735,Sinclair,Linguard,slinguardke@google.cn,Genderfluid,56.110.107.132
736,Rudiger,Batcock,rbatcockkf@studiopress.com,Polygender,171.133.195.209
737,Puff,Malimoe,pmalimoekg@icio.us,Bigender,243.80.127.137
738,Dall,Pering,dperingkh@mysql.com,Polygender,29.233.208.231
739,Charmine,Algore,calgoreki@npr.org,Bigender,54.201.206.245
740,Germaine,Barlass,gbarlasskj@ucsd.edu,Polygender,56.165.6.39
741,Israel,Dunkerley,idunkerleykk@fotki.com,Female,114.66.218.171
742,Jermaine,Mayer,jmayerkl@merriam-webster.com,Agender,169.43.184.43
743,Annecorinne,Frosdick,afrosdickkm@networkadvertising.org,Genderfluid,160.171.198.169
744,Clio,Staig,cstaigkn@tinypic.com,Genderqueer,131.129.93.227
745,Aldis,Bonett,abonettko@topsy.com,Non-binary,153.71.66.65
746,Emmit,Guye,eguyekp@virginia.edu,Female,28.200.70.253
747,Cicily,Higgoe,chiggoekq@trellian.com,Agender,199.24.137.179
748,Nanice,Christauffour,nchristauffourkr@theatlantic.com,Female,205.254.68.33
749,Nonie,Clyma,nclymaks@mail.ru,Polygender,1.36.193.63
750,Lorette,O'Doherty,lodohertykt@bbc.co.uk,Genderqueer,29.109.46.41
751,Avictor,Arnault,aarnaultku@spotify.com,Polygender,101.245.248.136
752,Mindy,Groocock,mgroocockkv@dell.com,Polygender,22.223.103.84
753,Gabbie,Jaffra,gjaffrakw@symantec.com,Female,139.127.49.46
754,Carlie,Mulvey,cmulveykx@nsw.gov.au,Agender,35.161.110.116
755,Fonzie,McCray,fmccrayky@telegraph.co.uk,Genderfluid,221.231.10.130
756,Garfield,Wilne,gwilnekz@furl.net,Female,5.64.76.5
757,Elyn,Isacke,eisackel0@fema.gov,Genderfluid,9.226.96.64
758,Colas,Pessel,cpessell1@cam.ac.uk,Genderqueer,139.85.222.171
759,Maje,Bignold,mbignoldl2@netvibes.com,Polygender,30.57.87.26
760,Priscilla,Sugden,psugdenl3@youtube.com,Agender,92.92.235.79
761,Shayla,Durbin,sdurbinl4@pinterest.com,Genderfluid,214.118.68.89
762,Ardelle,Bartels,abartelsl5@yelp.com,Genderfluid,35.198.194.226
763,Ezequiel,Wiffler,ewifflerl6@hao123.com,Agender,140.180.91.193
764,Fidole,Maben,fmabenl7@cnbc.com,Bigender,225.155.34.241
765,Harbert,Gregolin,hgregolinl8@dell.com,Bigender,228.241.43.212
766,Donny,Garrat,dgarratl9@seesaa.net,Bigender,229.24.115.83
767,Milka,O'Moylan,momoylanla@tumblr.com,Polygender,92.76.90.165
768,Mildred,Marcum,mmarcumlb@hc360.com,Female,104.58.242.157
769,Nikolaos,Kall,nkalllc@rambler.ru,Genderqueer,21.76.54.209
770,Cly,Lismore,clismoreld@hostgator.com,Bigender,8.191.110.132
771,Sheppard,Delmage,sdelmagele@desdev.cn,Genderqueer,232.30.216.216
772,Lannie,Carslake,lcarslakelf@bravesites.com,Female,133.70.135.178
773,Gayle,Extence,gextencelg@vk.com,Genderfluid,103.243.8.63
774,Neddy,Meadus,nmeaduslh@nationalgeographic.com,Genderfluid,79.99.243.137
775,Antone,Gossart,agossartli@slideshare.net,Bigender,219.120.148.175
776,Merrel,Avrahamian,mavrahamianlj@jugem.jp,Polygender,98.96.165.242
777,Renato,Cowherd,rcowherdlk@github.io,Male,155.63.11.164
778,Michele,Schreurs,mschreursll@google.co.uk,Non-binary,125.171.112.248
779,Rachel,Noto,rnotolm@sfgate.com,Agender,109.201.135.130
780,Adaline,Folliss,afollissln@whitehouse.gov,Female,232.198.28.183
781,Bonnibelle,Matresse,bmatresselo@chicagotribune.com,Male,132.100.153.42
782,Windham,Hobell,whobelllp@soup.io,Agender,130.199.244.11
783,Sherlock,Ughetti,sughettilq@census.gov,Male,122.56.25.146
784,Sigfried,Lockitt,slockittlr@reuters.com,Genderqueer,17.132.211.38
785,Katee,Serjeantson,kserjeantsonls@sphinn.com,Genderfluid,175.201.214.59
786,Enrique,Macknish,emacknishlt@gnu.org,Genderqueer,94.170.214.78
787,Rurik,Whyatt,rwhyattlu@oracle.com,Bigender,158.195.244.29
788,Aloysia,Dovermann,adovermannlv@com.com,Polygender,146.115.34.98
789,Chlo,Caruth,ccaruthlw@deliciousdays.com,Male,190.0.135.26
790,Carroll,Unwins,cunwinslx@newsvine.com,Genderqueer,102.235.109.36
791,Merrel,Dutteridge,mdutteridgely@netscape.com,Male,118.159.22.224
792,Jed,Matyushonok,jmatyushonoklz@sbwire.com,Non-binary,154.5.163.60
793,Kristan,Janca,kjancam0@phoca.cz,Polygender,44.148.199.46
794,Anallese,Thumim,athumimm1@paypal.com,Female,157.55.128.107
795,Gaynor,Skelding,gskeldingm2@whitehouse.gov,Male,67.191.223.187
796,Aimee,Bedenham,abedenhamm3@zdnet.com,Bigender,88.93.81.111
797,Oren,Dargavel,odargavelm4@vimeo.com,Bigender,220.228.60.103
798,Abigail,Commuzzo,acommuzzom5@shareasale.com,Agender,197.12.91.77
799,Nathalia,Mattioni,nmattionim6@google.ru,Genderfluid,152.152.81.220
800,Elisabetta,Ayshford,eayshfordm7@yandex.ru,Non-binary,106.167.123.214
801,Wenona,Jochen,wjochenm8@cam.ac.uk,Bigender,207.179.23.187
802,Leigh,Connell,lconnellm9@storify.com,Polygender,115.80.199.168
803,Winston,Tapp,wtappma@java.com,Female,241.15.45.209
804,Brittney,Hought,bhoughtmb@nps.gov,Male,44.94.37.85
805,Angelia,Dodell,adodellmc@umich.edu,Non-binary,41.245.140.205
806,Selina,Elwyn,selwynmd@independent.co.uk,Non-binary,130.239.95.156
807,Natale,Baroche,nbarocheme@macromedia.com,Female,84.121.153.204
808,Nilson,Merton,nmertonmf@ted.com,Female,4.69.19.133
809,Vanda,Tumasian,vtumasianmg@google.fr,Non-binary,81.131.81.100
810,Ancell,Arrighini,aarrighinimh@cocolog-nifty.com,Male,135.48.11.62
811,Karola,Mitcheson,kmitchesonmi@people.com.cn,Agender,0.196.169.5
812,Hagen,Bettaney,hbettaneymj@wp.com,Genderfluid,127.96.191.110
813,Garnette,Venmore,gvenmoremk@intel.com,Bigender,184.35.33.37
814,Tabina,Lippiello,tlippielloml@webnode.com,Agender,29.69.50.41
815,Hayward,Chaloner,hchalonermm@who.int,Genderfluid,99.60.3.230
816,Cristal,Martel,cmartelmn@yandex.ru,Agender,204.22.108.252
817,Jere,Mateescu,jmateescumo@addthis.com,Polygender,213.142.236.251
818,Rubetta,Cochet,rcochetmp@ebay.co.uk,Polygender,105.231.90.130
819,Kristien,Twells,ktwellsmq@privacy.gov.au,Genderfluid,104.254.144.7
820,Bailey,Bonafacino,bbonafacinomr@comsenz.com,Bigender,53.50.31.157
821,Inge,Leetham,ileethamms@usda.gov,Male,135.231.31.248
822,Teddie,Greatbach,tgreatbachmt@sciencedaily.com,Non-binary,79.64.58.212
823,Kienan,Lipscomb,klipscombmu@tumblr.com,Male,153.125.166.75
824,Susana,Follos,sfollosmv@theglobeandmail.com,Polygender,126.101.30.237
825,Willetta,Gautrey,wgautreymw@engadget.com,Agender,29.98.139.217
826,Torrence,Opie,topiemx@cnbc.com,Genderqueer,63.51.87.95
827,Emalee,Leitch,eleitchmy@google.nl,Bigender,189.138.188.27
828,Kerrie,Jozwicki,kjozwickimz@nationalgeographic.com,Agender,251.195.109.239
829,Minette,Brockton,mbrocktonn0@lycos.com,Non-binary,243.73.15.178
830,Averell,Hutcheson,ahutchesonn1@unicef.org,Bigender,161.12.36.128
831,Curran,Crop,ccropn2@fotki.com,Genderfluid,45.71.253.69
832,Dario,Reichhardt,dreichhardtn3@seesaa.net,Female,13.245.232.108
833,Valerye,Searchfield,vsearchfieldn4@multiply.com,Non-binary,95.66.37.200
834,Emile,Supple,esupplen5@nydailynews.com,Genderqueer,160.217.101.201
835,Conant,Valasek,cvalasekn6@dedecms.com,Male,154.16.96.29
836,Clare,Fasse,cfassen7@google.de,Agender,129.64.38.41
837,Junia,Martusov,jmartusovn8@behance.net,Genderfluid,229.59.72.55
838,Harcourt,Bestwerthick,hbestwerthickn9@exblog.jp,Male,150.106.201.34
839,Nelli,Figgen,nfiggenna@bravesites.com,Genderqueer,194.183.205.95
840,Wylma,Kerrane,wkerranenb@facebook.com,Genderqueer,244.61.186.227
841,Jacquetta,Follan,jfollannc@biblegateway.com,Bigender,135.103.101.23
842,Kasper,Forsaith,kforsaithnd@about.com,Bigender,23.198.225.55
843,Yard,Wheelton,ywheeltonne@wix.com,Male,33.103.130.115
844,Shirlene,Farriar,sfarriarnf@elpais.com,Genderqueer,144.4.220.32
845,Onofredo,Burcombe,oburcombeng@ca.gov,Female,68.112.59.251
846,Gwenni,Grealy,ggrealynh@4shared.com,Genderfluid,41.127.146.88
847,Erin,Witcher,ewitcherni@dailymail.co.uk,Polygender,29.210.188.93
848,Sara-ann,Adame,sadamenj@amazon.co.jp,Agender,206.156.144.100
849,Farah,Deny,fdenynk@netlog.com,Genderfluid,3.35.79.56
850,Yanaton,Grimsey,ygrimseynl@cocolog-nifty.com,Polygender,61.22.99.52
851,Arthur,Swinglehurst,aswinglehurstnm@live.com,Polygender,218.33.89.63
852,Lyndel,Stonham,lstonhamnn@odnoklassniki.ru,Male,157.245.91.162
853,Randene,Fache,rfacheno@arstechnica.com,Genderqueer,26.154.89.174
854,Hollie,Leinster,hleinsternp@gravatar.com,Genderqueer,18.231.31.91
855,Stanton,Caspell,scaspellnq@spiegel.de,Genderqueer,230.140.178.144
856,Georas,Trippitt,gtrippittnr@icq.com,Polygender,80.65.199.34
857,Nisse,McCrossan,nmccrossanns@ca.gov,Agender,214.6.112.43
858,Forrest,Decent,fdecentnt@clickbank.net,Genderqueer,190.81.110.222
859,Faina,Kwiek,fkwieknu@ow.ly,Non-binary,131.8.250.90
860,Ogdan,Scarasbrick,oscarasbricknv@furl.net,Genderfluid,93.105.224.206
861,Ema,Trounce,etrouncenw@instagram.com,Non-binary,100.37.202.185
862,Maribel,Millen,mmillennx@quantcast.com,Female,97.152.84.253
863,Aubrette,Yaakov,ayaakovny@weebly.com,Non-binary,184.39.251.35
864,Gusty,Copland,gcoplandnz@gmpg.org,Non-binary,90.108.220.79
865,Janie,Champkin,jchampkino0@ezinearticles.com,Non-binary,180.218.174.117
866,Piotr,Benardet,pbenardeto1@livejournal.com,Genderfluid,71.13.196.225
867,Zaneta,Fair,zfairo2@japanpost.jp,Non-binary,199.250.72.5
868,Kaylil,Sadd,ksaddo3@washington.edu,Genderfluid,7.140.230.210
869,Northrop,Pitchers,npitcherso4@histats.com,Genderqueer,158.165.96.134
870,Hertha,Harbach,hharbacho5@zimbio.com,Male,146.82.102.77
871,Lynsey,Simester,lsimestero6@dailymotion.com,Non-binary,158.73.29.226
872,Myrtle,Casiroli,mcasirolio7@dropbox.com,Agender,74.87.5.69
873,Bryant,Tench,btencho8@yellowpages.com,Male,6.224.110.219
874,Woodman,McElrath,wmcelratho9@ycombinator.com,Male,1.35.59.57
875,Conan,Greetham,cgreethamoa@stumbleupon.com,Genderfluid,53.197.52.73
876,Marne,Pharrow,mpharrowob@cnn.com,Agender,236.139.98.31
877,Pru,Looby,ploobyoc@examiner.com,Male,249.143.93.166
878,Ashlan,McGrayle,amcgrayleod@bandcamp.com,Female,119.42.219.250
879,Elsbeth,Poytress,epoytressoe@xing.com,Genderfluid,73.223.141.181
880,Brear,Hulse,bhulseof@cbslocal.com,Genderqueer,238.40.195.110
881,Mireielle,Eckh,meckhog@nbcnews.com,Male,238.45.144.40
882,Junette,Torel,jtoreloh@last.fm,Agender,198.177.235.220
883,Hersch,Cockren,hcockrenoi@imageshack.us,Male,13.195.231.165
884,Artie,Grassett,agrassettoj@rakuten.co.jp,Genderqueer,196.75.47.124
885,Melli,Campbell,mcampbellok@fotki.com,Genderfluid,25.47.52.11
886,Jone,Mcwhinney,jmcwhinneyol@google.es,Polygender,28.130.238.31
887,Nicolis,Burdell,nburdellom@tripadvisor.com,Agender,52.240.17.46
888,Gianna,Darco,gdarcoon@blogtalkradio.com,Female,146.194.230.152
889,Lexis,Saffe,lsaffeoo@youtube.com,Bigender,186.148.94.199
890,Christoforo,Garrioch,cgarriochop@cnet.com,Non-binary,46.57.202.189
891,Krissy,Haster,khasteroq@slate.com,Female,235.142.87.219
892,Royce,Grangier,rgrangieror@tuttocitta.it,Male,120.131.148.75
893,Benedick,Wimbush,bwimbushos@qq.com,Agender,45.198.16.174
894,Ravi,Edland,redlandot@digg.com,Genderfluid,156.112.135.102
895,Patsy,Von Brook,pvonbrookou@mozilla.com,Genderfluid,55.116.210.100
896,Kaile,Howlin,khowlinov@hostgator.com,Male,205.163.117.224
897,Yardley,McVie,ymcvieow@ibm.com,Bigender,16.231.141.38
898,Tyson,Stobart,tstobartox@scribd.com,Genderfluid,87.160.107.141
899,Max,Dalgliesh,mdalglieshoy@cisco.com,Male,70.226.234.45
900,Theodora,Barfford,tbarffordoz@tiny.cc,Genderfluid,182.197.30.146
901,Melicent,Righy,mrighyp0@cloudflare.com,Male,131.38.237.213
902,Isaak,Gaspero,igasperop1@smugmug.com,Agender,186.58.127.70
903,Ilene,Morde,imordep2@imgur.com,Non-binary,117.162.17.89
904,Correy,Matterface,cmatterfacep3@sohu.com,Female,2.22.21.89
905,Devinne,Squibbs,dsquibbsp4@cam.ac.uk,Female,195.84.115.216
906,Chloris,Sebright,csebrightp5@ca.gov,Non-binary,205.102.100.231
907,Kordula,Blevin,kblevinp6@youtube.com,Female,7.76.160.180
908,Curr,Freeth,cfreethp7@4shared.com,Genderqueer,128.126.21.61
909,Kimberley,Beevens,kbeevensp8@webs.com,Genderfluid,139.156.223.172
910,Danya,Fere,dferep9@deviantart.com,Non-binary,73.21.28.128
911,Bastien,Shera,bsherapa@paypal.com,Agender,187.127.243.231
912,Nikola,Ismead,nismeadpb@cbslocal.com,Bigender,127.119.27.12
913,Madelaine,Quilty,mquiltypc@sourceforge.net,Polygender,119.65.119.151
914,Dennie,Fudger,dfudgerpd@jugem.jp,Agender,137.99.162.221
915,Fidela,Foort,ffoortpe@g.co,Agender,225.250.188.78
916,Michelina,Ekell,mekellpf@purevolume.com,Male,63.128.72.49
917,Kris,Lanfere,klanferepg@blogspot.com,Agender,67.12.24.20
918,Neely,Keward,nkewardph@umn.edu,Bigender,152.165.179.241
919,Myca,Hogbourne,mhogbournepi@hao123.com,Genderqueer,77.104.90.99
920,Cornall,Slay,cslaypj@imdb.com,Genderfluid,128.146.59.233
921,Beth,Copelli,bcopellipk@mlb.com,Non-binary,55.183.240.137
922,Tait,Hulburt,thulburtpl@blogspot.com,Genderfluid,38.130.106.4
923,Virginie,Pecey,vpeceypm@home.pl,Non-binary,109.109.14.222
924,Wyatan,Castagneto,wcastagnetopn@mapquest.com,Agender,39.214.112.189
925,Ortensia,Wittey,owitteypo@sfgate.com,Genderqueer,170.219.73.80
926,Chase,Baysting,cbaystingpp@nydailynews.com,Polygender,124.75.92.188
927,Brittne,Caze,bcazepq@google.com.br,Non-binary,90.141.36.74
928,Nannette,Patillo,npatillopr@mozilla.org,Female,183.201.174.35
929,Rozelle,Morilla,rmorillaps@studiopress.com,Non-binary,95.171.248.30
930,Bartholemy,Edelman,bedelmanpt@flavors.me,Genderqueer,133.249.181.183
931,Coleman,Asplin,casplinpu@icio.us,Genderfluid,82.172.42.226
932,Eadmund,Bennett,ebennettpv@cargocollective.com,Female,49.109.119.209
933,Thea,Casero,tcaseropw@lycos.com,Male,111.100.253.210
934,Micheil,Brandacci,mbrandaccipx@angelfire.com,Non-binary,35.29.231.166
935,Gates,Payton,gpaytonpy@google.ru,Polygender,135.135.156.27
936,Whitby,Tainton,wtaintonpz@edublogs.org,Male,186.38.31.145
937,Francine,Vittery,fvitteryq0@aboutads.info,Polygender,64.28.215.30
938,Judon,Punch,jpunchq1@techcrunch.com,Non-binary,230.109.171.20
939,Elberta,Smeuin,esmeuinq2@cdc.gov,Bigender,139.19.217.111
940,Gretchen,Lamswood,glamswoodq3@hud.gov,Bigender,61.194.110.201
941,Raimund,Mertgen,rmertgenq4@wikispaces.com,Non-binary,242.55.178.197
942,Mellisa,Ough,moughq5@army.mil,Male,59.169.55.248
943,Garrard,Gianotti,ggianottiq6@wikispaces.com,Female,197.67.178.126
944,Katharine,Minthorpe,kminthorpeq7@yolasite.com,Polygender,127.189.222.90
945,Rodrigo,Pealing,rpealingq8@java.com,Bigender,231.128.231.204
946,Hilda,Miskin,hmiskinq9@nyu.edu,Female,215.115.165.71
947,Rafaelita,Meade,rmeadeqa@wikia.com,Male,14.12.136.233
948,Sissie,Newart,snewartqb@youtu.be,Non-binary,33.188.63.39
949,Jaimie,Harlett,jharlettqc@hibu.com,Agender,221.174.218.192
950,Brandy,Rosendall,brosendallqd@wix.com,Male,148.70.180.250
951,Korella,Davey,kdaveyqe@blogtalkradio.com,Agender,169.9.38.111
952,Moritz,Paddington,mpaddingtonqf@slideshare.net,Genderqueer,254.186.169.245
953,Kort,Damrell,kdamrellqg@omniture.com,Male,112.3.153.254
954,Pamella,Absolon,pabsolonqh@g.co,Polygender,95.248.135.242
955,Vinson,Fosh,vfoshqi@technorati.com,Agender,188.9.19.156
956,Cher,Di Iorio,cdiiorioqj@wiley.com,Genderfluid,135.0.234.163
957,Alisa,Lanney,alanneyqk@woothemes.com,Polygender,227.14.111.237
958,Ringo,Cordova,rcordovaql@webnode.com,Polygender,49.116.237.226
959,Lowe,Batcheldor,lbatcheldorqm@hao123.com,Genderfluid,178.87.85.211
960,Mack,Aylward,maylwardqn@techcrunch.com,Genderqueer,90.17.156.29
961,Audrye,Kassidy,akassidyqo@nasa.gov,Agender,218.2.25.111
962,Florry,Derle,fderleqp@cbsnews.com,Female,168.61.230.193
963,Arther,Kohnemann,akohnemannqq@cnbc.com,Male,137.9.30.123
964,Guinna,Gabrieli,ggabrieliqr@simplemachines.org,Genderqueer,141.155.97.202
965,Deeanne,Barstock,dbarstockqs@state.tx.us,Agender,137.239.180.220
966,Alejoa,Castles,acastlesqt@vimeo.com,Polygender,29.70.182.182
967,Delbert,Ingliby,dinglibyqu@google.nl,Genderqueer,48.54.123.72
968,Ignaz,Pringour,ipringourqv@wix.com,Non-binary,9.150.38.111
969,Amabel,Aps,aapsqw@oracle.com,Non-binary,8.161.220.194
970,Brooke,McIvor,bmcivorqx@ucoz.ru,Polygender,225.206.214.50
971,Blair,Lovat,blovatqy@goo.ne.jp,Polygender,57.171.58.9
972,Inge,Knotte,iknotteqz@creativecommons.org,Genderqueer,74.70.187.58
973,Dunc,Eicke,deicker0@pagesperso-orange.fr,Polygender,40.193.71.78
974,Leese,Wessing,lwessingr1@zdnet.com,Non-binary,27.179.12.83
975,Nelle,Thalmann,nthalmannr2@house.gov,Bigender,67.215.119.219
976,Reggie,Pennells,rpennellsr3@latimes.com,Genderfluid,141.31.235.198
977,Rafi,Gyves,rgyvesr4@trellian.com,Polygender,187.121.2.132
978,Kimberley,Pellatt,kpellattr5@amazon.de,Genderfluid,17.232.52.31
979,Zeb,Basset,zbassetr6@flickr.com,Polygender,2.220.92.226
980,Fedora,Ashfold,fashfoldr7@so-net.ne.jp,Agender,233.106.248.232
981,Daphna,Sambedge,dsambedger8@icq.com,Genderqueer,63.21.107.69
982,Jaquelyn,Giriardelli,jgiriardellir9@washingtonpost.com,Bigender,132.92.124.58
983,Bendite,Volcker,bvolckerra@ocn.ne.jp,Bigender,189.49.56.197
984,Sammy,Williamson,swilliamsonrb@nature.com,Genderqueer,59.140.199.206
985,Franky,Sprake,fsprakerc@reverbnation.com,Genderqueer,145.175.157.197
986,Kale,Cartmale,kcartmalerd@4shared.com,Agender,98.83.80.249
987,Paolo,Duddy,pduddyre@360.cn,Bigender,51.165.19.146
988,Candie,Downs,cdownsrf@un.org,Male,128.111.255.234
989,Ritchie,Berrigan,rberriganrg@merriam-webster.com,Female,205.158.41.220
990,Crissie,Risebrow,crisebrowrh@usda.gov,Genderfluid,59.142.40.176
991,Celestyn,Balmann,cbalmannri@purevolume.com,Female,17.223.223.79
992,Ariel,Gauchier,agauchierrj@topsy.com,Agender,69.172.33.220
993,Cyrus,O'Tierney,cotierneyrk@multiply.com,Female,189.132.116.148
994,Delaney,Dymidowicz,ddymidowiczrl@arstechnica.com,Male,116.156.116.137
995,Melonie,Moohan,mmoohanrm@multiply.com,Polygender,223.36.2.39
996,Job,Mourant,jmourantrn@chronoengine.com,Genderfluid,180.38.106.46
997,Lisle,Siddens,lsiddensro@nationalgeographic.com,Agender,153.64.169.6
998,Titos,Pearmain,tpearmainrp@canalblog.com,Genderqueer,5.136.19.45
999,Glen,Justham,gjusthamrq@sina.com.cn,Bigender,245.24.198.106
1000,Charlton,Inston,cinstonrr@quantcast.com,Genderfluid,214.90.89.124
